{
  "scenario": "bmssp-integration",
  "startTime": 1764473892456,
  "endTime": 1764473892886,
  "duration": 430.743364,
  "iterations": 1,
  "agents": 5,
  "success": 1,
  "failures": 0,
  "metrics": {
    "opsPerSec": 2.3215679766107784,
    "avgLatency": 408.369052,
    "memoryUsage": 22.748069763183594,
    "errorRate": 0
  },
  "details": [
    {
      "iteration": 1,
      "duration": 408.369052,
      "success": true,
      "data": {
        "symbolicRules": 3,
        "subsymbolicPatterns": 3,
        "hybridInferences": 3,
        "avgConfidence": 0.9133333333333334,
        "totalTime": 66.07076600000005
      }
    }
  ]
}