{
  "scenario": "bmssp-integration",
  "startTime": 1764466586773,
  "endTime": 1764466587192,
  "duration": 419.46119300000004,
  "iterations": 1,
  "agents": 5,
  "success": 1,
  "failures": 0,
  "metrics": {
    "opsPerSec": 2.3840107659256096,
    "avgLatency": 409.82354999999995,
    "memoryUsage": 22.614791870117188,
    "errorRate": 0
  },
  "details": [
    {
      "iteration": 1,
      "duration": 409.82354999999995,
      "success": true,
      "data": {
        "symbolicRules": 3,
        "subsymbolicPatterns": 3,
        "hybridInferences": 3,
        "avgConfidence": 0.9133333333333334,
        "totalTime": 58.65181999999993
      }
    }
  ]
}