{
  "scenario": "causal-reasoning",
  "startTime": 1764464351906,
  "endTime": 1764464352545,
  "duration": 639.056922,
  "iterations": 2,
  "agents": 5,
  "success": 2,
  "failures": 0,
  "metrics": {
    "opsPerSec": 3.1296116686143964,
    "avgLatency": 308.469456,
    "memoryUsage": 23.652748107910156,
    "errorRate": 0
  },
  "details": [
    {
      "iteration": 1,
      "duration": 437.60350600000004,
      "success": true,
      "data": {
        "episodes": 6,
        "causalEdges": 3,
        "avgUplift": 0.11666666666666665,
        "totalTime": 66.71563200000003
      }
    },
    {
      "iteration": 2,
      "duration": 179.33540599999992,
      "success": true,
      "data": {
        "episodes": 6,
        "causalEdges": 3,
        "avgUplift": 0.11666666666666665,
        "totalTime": 47.906400000000076
      }
    }
  ]
}