{
  "scenario": "consciousness-explorer",
  "startTime": 1764466610837,
  "endTime": 1764466611269,
  "duration": 432.45489899999995,
  "iterations": 1,
  "agents": 5,
  "success": 1,
  "failures": 0,
  "metrics": {
    "opsPerSec": 2.312379862761134,
    "avgLatency": 422.89726900000005,
    "memoryUsage": 22.776084899902344,
    "errorRate": 0
  },
  "details": [
    {
      "iteration": 1,
      "duration": 422.89726900000005,
      "success": true,
      "data": {
        "perceptualLayer": 3,
        "attentionLayer": 3,
        "metacognitiveLayer": 3,
        "integratedInformation": 3,
        "consciousnessLevel": 0.8333333333333334,
        "totalTime": 87.51885300000004
      }
    }
  ]
}