{
  "scenario": "goalie-integration",
  "startTime": 1764466611929,
  "endTime": 1764466612377,
  "duration": 447.6584270000001,
  "iterations": 1,
  "agents": 5,
  "success": 1,
  "failures": 0,
  "metrics": {
    "opsPerSec": 2.2338460301117036,
    "avgLatency": 437.44317,
    "memoryUsage": 23.840599060058594,
    "errorRate": 0
  },
  "details": [
    {
      "iteration": 1,
      "duration": 437.44317,
      "success": true,
      "data": {
        "primaryGoals": 3,
        "subgoals": 9,
        "achievements": 3,
        "avgProgress": 0.3333333333333333,
        "totalTime": 101.25561300000004
      }
    }
  ]
}