{
  "scenario": "lean-agentic-swarm",
  "startTime": 1764473876131,
  "endTime": 1764473881470,
  "duration": 5339.50065,
  "iterations": 1,
  "agents": 5,
  "success": 1,
  "failures": 0,
  "metrics": {
    "opsPerSec": 0.18728343070807568,
    "avgLatency": 5281.054192,
    "memoryUsage": 21.030242919921875,
    "errorRate": 0
  },
  "details": [
    {
      "iteration": 1,
      "duration": 5281.054192,
      "success": true,
      "data": {
        "agents": 5,
        "operations": 5,
        "successfulTasks": 3,
        "avgLatency": 69.78705666666701,
        "totalTime": 72.25047900000027,
        "memoryFootprint": 21.021568298339844
      }
    }
  ]
}