{
  "scenario": "lean-agentic-swarm",
  "startTime": 1764466283961,
  "endTime": 1764466284401,
  "duration": 440.09974100000005,
  "iterations": 1,
  "agents": 5,
  "success": 1,
  "failures": 0,
  "metrics": {
    "opsPerSec": 2.2722121983707324,
    "avgLatency": 429.158632,
    "memoryUsage": 20.983627319335938,
    "errorRate": 0
  },
  "details": [
    {
      "iteration": 1,
      "duration": 429.158632,
      "success": true,
      "data": {
        "agents": 5,
        "operations": 5,
        "successfulTasks": 3,
        "avgLatency": 32.18262666666669,
        "totalTime": 36.45026399999995,
        "memoryFootprint": 20.97998809814453
      }
    }
  ]
}