{
  "scenario": "reflexion-learning",
  "startTime": 1764466290305,
  "endTime": 1764466290689,
  "duration": 384.62671,
  "iterations": 1,
  "agents": 5,
  "success": 1,
  "failures": 0,
  "metrics": {
    "opsPerSec": 2.599923442654308,
    "avgLatency": 375.220886,
    "memoryUsage": 21.43944549560547,
    "errorRate": 0
  },
  "details": [
    {
      "iteration": 1,
      "duration": 375.220886,
      "success": true,
      "data": {
        "stored": 5,
        "retrieved": 15,
        "avgSimilarity": 0,
        "totalTime": 41.41636099999994
      }
    }
  ]
}