{
  "scenario": "reflexion-learning",
  "startTime": 1764473886499,
  "endTime": 1764473886937,
  "duration": 438.09870700000005,
  "iterations": 1,
  "agents": 5,
  "success": 1,
  "failures": 0,
  "metrics": {
    "opsPerSec": 2.28259062175228,
    "avgLatency": 415.050215,
    "memoryUsage": 21.38207244873047,
    "errorRate": 0
  },
  "details": [
    {
      "iteration": 1,
      "duration": 415.050215,
      "success": true,
      "data": {
        "stored": 5,
        "retrieved": 15,
        "avgSimilarity": 0,
        "totalTime": 51.00483500000007
      }
    }
  ]
}