{
  "scenario": "reflexion-learning",
  "startTime": 1764462515700,
  "endTime": 1764462517658,
  "duration": 1958.444641,
  "iterations": 3,
  "agents": 5,
  "success": 3,
  "failures": 0,
  "metrics": {
    "opsPerSec": 1.5318278276521373,
    "avgLatency": 643.4648753333332,
    "memoryUsage": 20.76165771484375,
    "errorRate": 0
  },
  "details": [
    {
      "iteration": 1,
      "duration": 1642.279844,
      "success": true,
      "data": {
        "stored": 5,
        "retrieved": 15,
        "avgSimilarity": 0,
        "totalTime": 107.5061270000001
      }
    },
    {
      "iteration": 2,
      "duration": 148.89704000000006,
      "success": true,
      "data": {
        "stored": 5,
        "retrieved": 15,
        "avgSimilarity": 0,
        "totalTime": 30.56608099999994
      }
    },
    {
      "iteration": 3,
      "duration": 139.21774199999982,
      "success": true,
      "data": {
        "stored": 5,
        "retrieved": 15,
        "avgSimilarity": 0,
        "totalTime": 31.880720999999994
      }
    }
  ]
}