{
  "scenario": "reflexion-learning",
  "startTime": 1764461368570,
  "endTime": 1764461369319,
  "duration": 748.1724919999999,
  "iterations": 3,
  "agents": 5,
  "success": 3,
  "failures": 0,
  "metrics": {
    "opsPerSec": 4.009770516930473,
    "avgLatency": 241.542609,
    "memoryUsage": 20.703323364257812,
    "errorRate": 0
  },
  "details": [
    {
      "iteration": 1,
      "duration": 393.225321,
      "success": true,
      "data": {
        "stored": 5,
        "retrieved": 15,
        "avgSimilarity": 0,
        "totalTime": 55.62376000000006
      }
    },
    {
      "iteration": 2,
      "duration": 174.25444900000002,
      "success": true,
      "data": {
        "stored": 5,
        "retrieved": 15,
        "avgSimilarity": 0,
        "totalTime": 42.34735499999999
      }
    },
    {
      "iteration": 3,
      "duration": 157.148057,
      "success": true,
      "data": {
        "stored": 5,
        "retrieved": 15,
        "avgSimilarity": 0,
        "totalTime": 25.784655000000043
      }
    }
  ]
}