{
  "scenario": "sublinear-solver",
  "startTime": 1764466592215,
  "endTime": 1764466593134,
  "duration": 919.3212959999998,
  "iterations": 1,
  "agents": 5,
  "success": 1,
  "failures": 0,
  "metrics": {
    "opsPerSec": 1.0877589851894394,
    "avgLatency": 910.221038,
    "memoryUsage": 27.235366821289062,
    "errorRate": 0
  },
  "details": [
    {
      "iteration": 1,
      "duration": 910.221038,
      "success": true,
      "data": {
        "insertions": 100,
        "queries": 10,
        "avgQueryTime": 6.365032700000029,
        "complexity": "O(log n)",
        "totalTime": 573.4162999999999
      }
    }
  ]
}