{
  "scenario": "temporal-lead-solver",
  "startTime": 1764466598159,
  "endTime": 1764466598628,
  "duration": 469.32819099999995,
  "iterations": 1,
  "agents": 5,
  "success": 1,
  "failures": 0,
  "metrics": {
    "opsPerSec": 2.1307051636282384,
    "avgLatency": 460.26178400000003,
    "memoryUsage": 24.351356506347656,
    "errorRate": 0
  },
  "details": [
    {
      "iteration": 1,
      "duration": 460.26178400000003,
      "success": true,
      "data": {
        "timeSeriesPoints": 20,
        "leadLagPairs": 17,
        "temporalCausalEdges": 17,
        "avgLagTime": 3,
        "totalTime": 118.86492500000008
      }
    }
  ]
}